Année,Structure,Tranche d'effectifs,SIREN,Raison Sociale,Nom UES,Entreprises UES (SIREN),Région,Département,Pays,Code NAF,Note Ecart rémunération,Note Ecart taux d'augmentation (hors promotion),Note Ecart taux de promotion,Note Ecart taux d'augmentation,Note Retour congé maternité,Note Hautes rémunérations,Note Index,benchmark_key,matched_search_terms,selection_score,selection_reason,selected_for_benchmark
2020,Entreprise,251 à 999,442395448,TOTALENERGIES ELECTRICITE ET GAZ FRANCE,,,Île-de-France,Paris,FRANCE,35.14Z - Commerce d'électricité,21,10,15,,15,5,66,totalenergies,TOTALENERGIES|TotalEnergies,202728.999,name preference 230.0; indicator completeness 5; reporting year 2020; size upper bound 999; overall score 66,False
2021,Entreprise,251 à 999,434836276,TOTALENERGIES RENOUVELABLES FRANCE,,,Occitanie,Hérault,FRANCE,"71.12B - Ingénierie, études techniques",39,20,15,,15,5,94,totalenergies,TOTALENERGIES|TotalEnergies,202912.999,name preference 230.0; indicator completeness 5; reporting year 2021; size upper bound 999; overall score 94,False
2021,Entreprise,50 à 250,318881307,TOTALENERGIES LUBRIFIANTS SERVICES AUTOMOBILE,,,Île-de-France,Hauts-de-Seine,FRANCE,46.71Z - Commerce de gros (commerce interentreprises) de combustibles et de produits annexes,39,,,35.0,15,0,89,totalenergies,TOTALENERGIES|TotalEnergies,202812.25,name preference 205.0; indicator completeness 4; reporting year 2021; size upper bound 250; overall score 89,False
2021,Unité Economique et Sociale (UES),1000 et plus,542034921,TOTALENERGIES MARKETING FRANCE,Marketing & services,"TOTALENERGIES MARKETING FRANCE (531680445),TOTALENERGIES LUBRIFIANTS (552006454),TOTALENERGIES ADDITIVES AND FUELS SOLUTIONS (956501100),TOTALENERGIES FLUIDS (342241908)",Île-de-France,Hauts-de-Seine,FRANCE,46.71Z - Commerce de gros (commerce interentreprises) de combustibles et de produits annexes,38,20,15,,15,0,88,totalenergies,TOTALENERGIES|TotalEnergies,202870.0,name preference 205.0; indicator completeness 5; reporting year 2021; size upper bound 1000; overall score 88,False
2021,Unité Economique et Sociale (UES),1000 et plus,844435883,TOTALENERGIES ONE TECH,AMONT GLOBAL SERVICES HOLDING,"TOTALENERGIES SE (542051180),TOTALENERGIES GLOBAL INFORMATION TECHNOLOGY SERVICES (531680437),TOTALENERGIES GLOBAL FINANCIAL SERVICES (539082735),TOTALENERGIES GLOBAL PROCUREMENT (539072819),TOTALENERGIES GLOBAL HUMAN RESOURCES SERVICES (539082784),TOTALENERGIES LEARNING SOLUTIONS (538613860),TOTALENERGIES FACILITIES MANAGEMENT SERVICES (539082388),TOTALENERGIES CONSULTING (538612482),ELF EXPLORATION PRODUCTION (409160017)",Île-de-France,Hauts-de-Seine,FRANCE,"71.12B - Ingénierie, études techniques",36,20,15,,15,5,91,totalenergies,TOTALENERGIES|TotalEnergies,202904.0,name preference 230.0; indicator completeness 5; reporting year 2021; size upper bound 1000; overall score 91,False
2021,Entreprise,50 à 250,54389002,TOTALENERGIES MARKETING MAYOTTE,,,Mayotte,Mayotte,FRANCE,47.30Z - Commerce de détail de carburants en magasin spécialisé,38,,,35.0,15,10,98,totalenergies,TOTALENERGIES|TotalEnergies,202839.25,name preference 205.0; indicator completeness 4; reporting year 2021; size upper bound 250; overall score 98,False
2021,Unité Economique et Sociale (UES),251 à 999,457503837,T-PNE TOTALENERGIES PROXI NORD EST,T-PNE et CPE BARDOUT,ETABLISSEMENTS A. CHAZELLE (562880849),Grand-Est,Meurthe-et-Moselle,FRANCE,46.71Z - Commerce de gros (commerce interentreprises) de combustibles et de produits annexes,37,20,15,,15,0,87,totalenergies,TOTALENERGIES|TotalEnergies,202761.999,name preference 100.0; indicator completeness 5; reporting year 2021; size upper bound 999; overall score 87,False
2021,Entreprise,251 à 999,554500199,T-PSE TOTALENERGIES PROXI SUD EST CHARVET LA MURE BIANCO,,,Auvergne-Rhône-Alpes,Rhône,FRANCE,46.71Z - Commerce de gros (commerce interentreprises) de combustibles et de produits annexes,35,NC,15,,NC,0,NC,totalenergies,TOTALENERGIES|TotalEnergies,202380.999,name preference 100.0; indicator completeness 3; reporting year 2021; size upper bound 999,False
2021,Entreprise,251 à 999,324958198,T-PSO TOTALENERGIES PROXI SUD OUEST ALVEA,,,Nouvelle-Aquitaine,Lot-et-Garonne,FRANCE,46.71Z - Commerce de gros (commerce interentreprises) de combustibles et de produits annexes,NC,NC,NC,,15,5,NC,totalenergies,TOTALENERGIES|TotalEnergies,202320.999,name preference 100.0; indicator completeness 2; reporting year 2021; size upper bound 999,False
2021,Entreprise,251 à 999,442395448,TOTALENERGIES ELECTRICITE ET GAZ FRANCE,,,Île-de-France,Paris,FRANCE,35.14Z - Commerce d'électricité,35,20,15,,0,5,75,totalenergies,TOTALENERGIES|TotalEnergies,202855.999,name preference 230.0; indicator completeness 5; reporting year 2021; size upper bound 999; overall score 75,False
2021,Entreprise,50 à 250,328195193,TOTALENERGIES RENEWABLES,,,Île-de-France,Hauts-de-Seine,FRANCE,35.11Z - Production d'électricité,33,,,35.0,15,0,83,totalenergies,TOTALENERGIES|TotalEnergies,202819.25,name preference 230.0; indicator completeness 4; reporting year 2021; size upper bound 250; overall score 83,False
2021,Unité Economique et Sociale (UES),1000 et plus,692004807,TOTALENERGIES RAFFINAGE FRANCE,RAFFINAGE PETROCHIMIE,"TOTALENERGIES RAFFINAGE FRANCE (529221749),TOTALENERGIES PETROCHEMICALS FRANCE (428891113)",Île-de-France,Hauts-de-Seine,FRANCE,19.20Z - Raffinage du pétrole,39,20,15,,15,5,94,totalenergies,TOTALENERGIES|TotalEnergies,202888.0,name preference 205.0; indicator completeness 5; reporting year 2021; size upper bound 1000; overall score 94,False
2022,Entreprise,251 à 999,434836276,TOTALENERGIES RENOUVELABLES FRANCE,,,Occitanie,Hérault,FRANCE,"71.12B - Ingénierie, études techniques",39,20,15,,15,5,94,totalenergies,TOTALENERGIES|TotalEnergies,203012.999,name preference 230.0; indicator completeness 5; reporting year 2022; size upper bound 999; overall score 94,False
2022,Unité Economique et Sociale (UES),1000 et plus,542051180,TOTALENERGIES SE,UES AGSH,"TOTALENERGIES GLOBAL INFORMATION TECHNOLOGY SERVICES (531680437),TOTALENERGIES GLOBAL FINANCIAL SERVICES (539082735),TOTALENERGIES GLOBAL PROCUREMENT (539072819),TOTALENERGIES GLOBAL HUMAN RESOURCES SERVICES (539082784),TOTALENERGIES LEARNING SOLUTIONS (538613860),TOTALENERGIES FACILITIES MANAGEMENT SERVICES (539082388),TOTALENERGIES CONSULTING (538612482),TOTALENERGIES ONETECH (844435883),ELF EXPLORATION PRODUCTION (409160017)",Île-de-France,Hauts-de-Seine,FRANCE,70.10Z - Activités des sièges sociaux,37,20,15,,15,5,92,totalenergies,TOTALENERGIES|TotalEnergies,203407.0,name preference 630.0; indicator completeness 5; reporting year 2022; size upper bound 1000; overall score 92,False
2022,Unité Economique et Sociale (UES),1000 et plus,529221749,TOTALENERGIES RAFFINAGE FRANCE,UES Raffinage Pétrochimie,"TOTALENERGIES RAFFINAGE CHIMIE (692004807),TOTALENERGIES FLUIDS (342241908),TOTALENERGIES PETROCHEMICALS FRANCE (428891113)",Île-de-France,Hauts-de-Seine,FRANCE,19.20Z - Raffinage du pétrole,40,20,15,,15,10,100,totalenergies,TOTALENERGIES|TotalEnergies,203006.0,name preference 205.0; indicator completeness 5; reporting year 2022; size upper bound 1000; overall score 100,False
2022,Entreprise,50 à 250,318881307,TOTALENERGIES LUBRIFIANTS SERVICES AUTOMOBILE,,,Île-de-France,Hauts-de-Seine,FRANCE,46.71Z - Commerce de gros (commerce interentreprises) de combustibles et de produits annexes,38,,,35.0,NC,0,86,totalenergies,TOTALENERGIES|TotalEnergies,202843.25,name preference 205.0; indicator completeness 3; reporting year 2022; size upper bound 250; overall score 86,False
2022,Entreprise,50 à 250,328195193,TOTALENERGIES RENEWABLES,,,Île-de-France,Hauts-de-Seine,FRANCE,35.11Z - Production d'électricité,27,,,35.0,15,5,82,totalenergies,TOTALENERGIES|TotalEnergies,202916.25,name preference 230.0; indicator completeness 4; reporting year 2022; size upper bound 250; overall score 82,False
2022,Entreprise,251 à 999,554500199,TOTALENERGIES PROXI SUD EST,,,Auvergne-Rhône-Alpes,Rhône,FRANCE,46.71Z - Commerce de gros (commerce interentreprises) de combustibles et de produits annexes,35,20,15,,15,0,85,totalenergies,TOTALENERGIES|TotalEnergies,202985.999,name preference 230.0; indicator completeness 5; reporting year 2022; size upper bound 999; overall score 85,False
2022,Unité Economique et Sociale (UES),251 à 999,457503837,TOTALENERGIES PROXI NORD EST,T-PNE et CPE BARDOUT,CPE- BARDOUT (422596239),Grand-Est,Meurthe-et-Moselle,FRANCE,46.71Z - Commerce de gros (commerce interentreprises) de combustibles et de produits annexes,38,20,15,,15,0,88,totalenergies,TOTALENERGIES|TotalEnergies,202994.999,name preference 230.0; indicator completeness 5; reporting year 2022; size upper bound 999; overall score 88,False
2022,Entreprise,50 à 250,832282610,TOTALENERGIES DIGITAL FACTORY,,,Île-de-France,Paris,FRANCE,62.02A - Conseil en systèmes et logiciels informatiques,39,,,35.0,15,0,89,totalenergies,TOTALENERGIES|TotalEnergies,202937.25,name preference 230.0; indicator completeness 4; reporting year 2022; size upper bound 250; overall score 89,False
2022,Entreprise,50 à 250,54389002,TOTALENERGIES MARKETING MAYOTTE,,,Mayotte,Mayotte,FRANCE,47.30Z - Commerce de détail de carburants en magasin spécialisé,39,,,35.0,15,5,94,totalenergies,TOTALENERGIES|TotalEnergies,202927.25,name preference 205.0; indicator completeness 4; reporting year 2022; size upper bound 250; overall score 94,False
2022,Entreprise,251 à 999,324958198,TOTALENERGIES PROXI SUD OUEST,,,Nouvelle-Aquitaine,Lot-et-Garonne,FRANCE,46.71Z - Commerce de gros (commerce interentreprises) de combustibles et de produits annexes,25,NC,NC,,15,5,NC,totalenergies,TOTALENERGIES|TotalEnergies,202610.999,name preference 230.0; indicator completeness 3; reporting year 2022; size upper bound 999,False
2022,Entreprise,251 à 999,442395448,TOTALENERGIES ELECTRICITE ET GAZ FRANCE,,,Île-de-France,Paris,FRANCE,35.14Z - Commerce d'électricité,35,20,15,,15,10,95,totalenergies,TOTALENERGIES|TotalEnergies,203015.999,name preference 230.0; indicator completeness 5; reporting year 2022; size upper bound 999; overall score 95,False
2022,Unité Economique et Sociale (UES),1000 et plus,531680445,TOTALENERGIES MARKETING FRANCE,UES MARKETING & SERVICES,"TOTALENERGIES MARKETING SERVICES (542034921),TOTALENERGIES LUBRIFIANTS (552006454),TOTALENERGIES ADDITIVES AND FUELS SOLUTIONS (956501100)",Île-de-France,Hauts-de-Seine,FRANCE,46.71Z - Commerce de gros (commerce interentreprises) de combustibles et de produits annexes,37,20,15,,15,5,92,totalenergies,TOTALENERGIES|TotalEnergies,202982.0,name preference 205.0; indicator completeness 5; reporting year 2022; size upper bound 1000; overall score 92,False
2023,Entreprise,50 à 250,832282610,TOTALENERGIES DIGITAL FACTORY,,,Île-de-France,Paris,FRANCE,62.02A - Conseil en systèmes et logiciels informatiques,39,,,35.0,15,5,94,totalenergies,TOTALENERGIES|TotalEnergies,203052.25,name preference 230.0; indicator completeness 4; reporting year 2023; size upper bound 250; overall score 94,False
2023,Entreprise,50 à 250,880005756,TOTALENERGIES - CENTRALE ELECTRIQUE SAINT-AVOLD,,,Grand-Est,Moselle,FRANCE,35.11Z - Production d'électricité,NC,,,35.0,NC,0,NC,totalenergies,TOTALENERGIES|TotalEnergies,202590.25,name preference 230.0; indicator completeness 1; reporting year 2023; size upper bound 250,False
2023,Entreprise,251 à 999,324958198,TOTALENERGIES PROXI SUD OUEST,,,Nouvelle-Aquitaine,Lot-et-Garonne,FRANCE,46.71Z - Commerce de gros (commerce interentreprises) de combustibles et de produits annexes,38,5,15,,15,5,78,totalenergies,TOTALENERGIES|TotalEnergies,203064.999,name preference 230.0; indicator completeness 5; reporting year 2023; size upper bound 999; overall score 78,False
2023,Entreprise,251 à 999,442395448,TOTALENERGIES ELECTRICITE ET GAZ FRANCE,,,Île-de-France,Paris,FRANCE,35.14Z - Commerce d'électricité,33,20,15,,0,10,78,totalenergies,TOTALENERGIES|TotalEnergies,203064.999,name preference 230.0; indicator completeness 5; reporting year 2023; size upper bound 999; overall score 78,False
2023,Entreprise,251 à 999,554500199,TOTALENERGIES PROXI SUD EST,,,Auvergne-Rhône-Alpes,Rhône,FRANCE,46.71Z - Commerce de gros (commerce interentreprises) de combustibles et de produits annexes,36,20,15,,15,0,86,totalenergies,TOTALENERGIES|TotalEnergies,203088.999,name preference 230.0; indicator completeness 5; reporting year 2023; size upper bound 999; overall score 86,False
2023,Entreprise,251 à 999,434836276,TOTALENERGIES RENOUVELABLES FRANCE,,,Occitanie,Hérault,FRANCE,"71.12B - Ingénierie, études techniques",39,20,15,,15,5,94,totalenergies,TOTALENERGIES|TotalEnergies,203112.999,name preference 230.0; indicator completeness 5; reporting year 2023; size upper bound 999; overall score 94,False
2023,Entreprise,50 à 250,318881307,TOTALENERGIES LUBRIFIANTS SERVICES AUTOMOBILE,,,Île-de-France,Hauts-de-Seine,FRANCE,46.71Z - Commerce de gros (commerce interentreprises) de combustibles et de produits annexes,35,,,25.0,15,0,75,totalenergies,TOTALENERGIES|TotalEnergies,202970.25,name preference 205.0; indicator completeness 4; reporting year 2023; size upper bound 250; overall score 75,False
2023,Entreprise,50 à 250,672049715,TOTALENERGIES MARKETING ANTILLES GUYANE,,,Martinique,Martinique,FRANCE,46.71Z - Commerce de gros (commerce interentreprises) de combustibles et de produits annexes,38,,,35.0,NC,5,92,totalenergies,TOTALENERGIES|TotalEnergies,202961.25,name preference 205.0; indicator completeness 3; reporting year 2023; size upper bound 250; overall score 92,False
2023,Entreprise,50 à 250,844192443,TOTALENERGIES CHARGING SERVICES,,,Île-de-France,Hauts-de-Seine,FRANCE,"33.20D - Installation d'équipements électriques, de matériels électroniques et optiques ou d'autres matériels",38,,,35.0,15,5,93,totalenergies,TOTALENERGIES|TotalEnergies,203024.25,name preference 205.0; indicator completeness 4; reporting year 2023; size upper bound 250; overall score 93,False
2023,Unité Economique et Sociale (UES),1000 et plus,542051180,TOTALENERGIES SE,UES AGSH,"TOTALENERGIES GLOBAL INFORMATION TECHNOLOGY SERVICES (531680437),TOTALENERGIES GLOBAL FINANCIAL SERVICES (539082735),TOTALENERGIES GLOBAL PROCUREMENT (539072819),TOTALENERGIES GLOBAL HUMAN RESOURCES SERVICES (539082784),TOTALENERGIES LEARNING SOLUTIONS (538613860),TOTALENERGIES FACILITIES MANAGEMENT SERVICES (539082388),TOTALENERGIES CONSULTING (538612482),TOTALENERGIES ONETECH (844435883),ELF EXPLORATION PRODUCTION (409160017)",Île-de-France,Hauts-de-Seine,FRANCE,70.10Z - Activités des sièges sociaux,38,20,15,,15,5,93,totalenergies,TOTALENERGIES|TotalEnergies,203510.0,name preference 630.0; indicator completeness 5; reporting year 2023; size upper bound 1000; overall score 93,False
2023,Unité Economique et Sociale (UES),1000 et plus,692004807,TOTALENERGIES RAFFINAGE CHIMIE,UES Raffinage Pétrochimie,"TOTALENERGIES RAFFINAGE FRANCE (529221749),TOTALENERGIES PETROCHEMICALS FRANCE (428891113),TOTALENERGIES FLUIDS (342241908)",Île-de-France,Hauts-de-Seine,FRANCE,70.10Z - Activités des sièges sociaux,39,20,15,,15,10,99,totalenergies,TOTALENERGIES|TotalEnergies,203103.0,name preference 205.0; indicator completeness 5; reporting year 2023; size upper bound 1000; overall score 99,False
2023,Unité Economique et Sociale (UES),1000 et plus,542034921,TOTALENERGIES MARKETING SERVICES,UES MARKETING & SERVICES,"TOTALENERGIES MARKETING FRANCE (531680445),TOTALENERGIES LUBRIFIANTS (552006454),TOTALENERGIES ADDITIVES AND FUELS SOLUTIONS (956501100)",Île-de-France,Hauts-de-Seine,FRANCE,70.10Z - Activités des sièges sociaux,37,20,15,,15,5,92,totalenergies,TOTALENERGIES|TotalEnergies,203057.0,name preference 180.0; indicator completeness 5; reporting year 2023; size upper bound 1000; overall score 92,False
2023,Entreprise,251 à 999,856802400,TOTALENERGIES PROXI NORD OUEST,,,Pays de la Loire,Loire-Atlantique,FRANCE,46.71Z - Commerce de gros (commerce interentreprises) de combustibles et de produits annexes,35,20,15,,15,5,90,totalenergies,TOTALENERGIES|TotalEnergies,203100.999,name preference 230.0; indicator completeness 5; reporting year 2023; size upper bound 999; overall score 90,False
2023,Unité Economique et Sociale (UES),251 à 999,457503837,TOTALENERGIES PROXI NORD EST,T-PNE ET CPE BARDOUT,CPE- BARDOUT (422596239),Grand-Est,Meurthe-et-Moselle,FRANCE,46.71Z - Commerce de gros (commerce interentreprises) de combustibles et de produits annexes,37,20,15,,15,0,87,totalenergies,TOTALENERGIES|TotalEnergies,203091.999,name preference 230.0; indicator completeness 5; reporting year 2023; size upper bound 999; overall score 87,False
2024,Unité Economique et Sociale (UES),1000 et plus,542051180,TOTALENERGIES SE,UES AGSH,"ELF EXPLORATION PRODUCTION (409160017),TOTALENERGIES ONETECH (844435883),TOTALENERGIES CONSULTING (538612482),TOTALENERGIES FACILITIES MANAGEMENT SERVICES (539082388),TOTALENERGIES LEARNING SOLUTIONS (538613860),TOTALENERGIES GLOBAL HUMAN RESOURCES SERVICES (539082784),TOTALENERGIES GLOBAL PROCUREMENT (539072819),TOTALENERGIES GLOBAL FINANCIAL SERVICES (539082735),TOTALENERGIES GLOBAL INFORMATION TECHNOLOGY SERVICES (531680437)",Île-de-France,Hauts-de-Seine,FRANCE,70.10Z - Activités des sièges sociaux,38,20,15,,15,5,93,totalenergies,TOTALENERGIES|TotalEnergies,203610.0,name preference 630.0; indicator completeness 5; reporting year 2024; size upper bound 1000; overall score 93,False
2024,Unité Economique et Sociale (UES),1000 et plus,542034921,TOTALENERGIES MARKETING SERVICES,UES Marketing Services,"TOTALENERGIES MARKETING FRANCE (531680445),TOTALENERGIES LUBRIFIANTS (552006454),TOTALENERGIES ADDITIVES AND FUELS SOLUTIONS (956501100)",Île-de-France,Hauts-de-Seine,FRANCE,70.10Z - Activités des sièges sociaux,37,20,15,,15,5,92,totalenergies,TOTALENERGIES|TotalEnergies,203157.0,name preference 180.0; indicator completeness 5; reporting year 2024; size upper bound 1000; overall score 92,False
2024,Unité Economique et Sociale (UES),1000 et plus,692004807,TOTALENERGIES RAFFINAGE CHIMIE,Raffinage Pétrochimie,"TOTALENERGIES RAFFINAGE FRANCE (529221749),TOTALENERGIES PETROCHEMICALS FRANCE (428891113),TOTALENERGIES FLUIDS (342241908)",Île-de-France,Hauts-de-Seine,FRANCE,70.10Z - Activités des sièges sociaux,40,20,15,,15,10,100,totalenergies,TOTALENERGIES|TotalEnergies,203206.0,name preference 205.0; indicator completeness 5; reporting year 2024; size upper bound 1000; overall score 100,False
2024,Entreprise,251 à 999,442395448,TOTALENERGIES ELECTRICITE ET GAZ FRANCE,,,Île-de-France,Paris,FRANCE,35.14Z - Commerce d'électricité,33,20,15,,15,5,88,totalenergies,TOTALENERGIES|TotalEnergies,203194.999,name preference 230.0; indicator completeness 5; reporting year 2024; size upper bound 999; overall score 88,False
2024,Entreprise,251 à 999,434836276,TOTALENERGIES RENOUVELABLES FRANCE,,,Occitanie,Hérault,FRANCE,"71.12B - Ingénierie, études techniques",39,20,15,,15,0,89,totalenergies,TOTALENERGIES|TotalEnergies,203197.999,name preference 230.0; indicator completeness 5; reporting year 2024; size upper bound 999; overall score 89,False
2024,Entreprise,251 à 999,554500199,TOTALENERGIES PROXI SUD EST,,,Auvergne-Rhône-Alpes,Rhône,FRANCE,46.71Z - Commerce de gros (commerce interentreprises) de combustibles et de produits annexes,37,20,15,,15,0,87,totalenergies,TOTALENERGIES|TotalEnergies,203191.999,name preference 230.0; indicator completeness 5; reporting year 2024; size upper bound 999; overall score 87,False
2024,Unité Economique et Sociale (UES),251 à 999,457503837,TOTALENERGIES PROXI NORD EST,TPNE et CPE BARDOUT,CPE- BARDOUT (422596239),Grand-Est,Meurthe-et-Moselle,FRANCE,46.71Z - Commerce de gros (commerce interentreprises) de combustibles et de produits annexes,37,20,15,,15,0,87,totalenergies,TOTALENERGIES|TotalEnergies,203191.999,name preference 230.0; indicator completeness 5; reporting year 2024; size upper bound 999; overall score 87,False
2024,Entreprise,50 à 250,672049715,TOTALENERGIES MARKETING ANTILLES GUYANE,,,Martinique,Martinique,FRANCE,46.71Z - Commerce de gros (commerce interentreprises) de combustibles et de produits annexes,37,,,35.0,NC,5,91,totalenergies,TOTALENERGIES|TotalEnergies,203058.25,name preference 205.0; indicator completeness 3; reporting year 2024; size upper bound 250; overall score 91,False
2024,Entreprise,50 à 250,318881307,TOTALENERGIES LUBRIFIANTS SERVICES AUTOMOBILE,,,Île-de-France,Hauts-de-Seine,FRANCE,46.71Z - Commerce de gros (commerce interentreprises) de combustibles et de produits annexes,33,,,25.0,NC,0,68,totalenergies,TOTALENERGIES|TotalEnergies,202989.25,name preference 205.0; indicator completeness 3; reporting year 2024; size upper bound 250; overall score 68,False
2024,Entreprise,251 à 999,856802400,TOTALENERGIES PROXI NORD OUEST,,,Pays de la Loire,Loire-Atlantique,FRANCE,46.71Z - Commerce de gros (commerce interentreprises) de combustibles et de produits annexes,35,20,15,,15,5,90,totalenergies,TOTALENERGIES|TotalEnergies,203200.999,name preference 230.0; indicator completeness 5; reporting year 2024; size upper bound 999; overall score 90,False
2024,Entreprise,251 à 999,324958198,TOTALENERGIES PROXI SUD OUEST,,,Nouvelle-Aquitaine,Lot-et-Garonne,FRANCE,46.71Z - Commerce de gros (commerce interentreprises) de combustibles et de produits annexes,36,20,15,,15,5,91,totalenergies,TOTALENERGIES|TotalEnergies,203203.999,name preference 230.0; indicator completeness 5; reporting year 2024; size upper bound 999; overall score 91,False
2024,Entreprise,50 à 250,844192443,TOTALENERGIES CHARGING SERVICES,,,Île-de-France,Hauts-de-Seine,FRANCE,"33.20D - Installation d'équipements électriques, de matériels électroniques et optiques ou d'autres matériels",39,,,35.0,NC,5,93,totalenergies,TOTALENERGIES|TotalEnergies,203064.25,name preference 205.0; indicator completeness 3; reporting year 2024; size upper bound 250; overall score 93,False
2024,Entreprise,50 à 250,832282610,TOTALENERGIES DIGITAL FACTORY,,,Île-de-France,Paris,FRANCE,62.02A - Conseil en systèmes et logiciels informatiques,39,,,35.0,15,5,94,totalenergies,TOTALENERGIES|TotalEnergies,203152.25,name preference 230.0; indicator completeness 4; reporting year 2024; size upper bound 250; overall score 94,False
2024,Entreprise,251 à 999,328195193,TOTALENERGIES RENEWABLES,,,Île-de-France,Hauts-de-Seine,FRANCE,"71.12B - Ingénierie, études techniques",35,10,15,,15,5,80,totalenergies,TOTALENERGIES|TotalEnergies,203170.999,name preference 230.0; indicator completeness 5; reporting year 2024; size upper bound 999; overall score 80,False
2024,Entreprise,50 à 250,880005756,TOTALENERGIES - CENTRALE ELECTRIQUE SAINT-AVOLD,,,Grand-Est,Moselle,FRANCE,35.11Z - Production d'électricité,NC,,,35.0,NC,0,NC,totalenergies,TOTALENERGIES|TotalEnergies,202690.25,name preference 230.0; indicator completeness 1; reporting year 2024; size upper bound 250,False
2025,Entreprise,50 à 250,672049715,TOTALENERGIES MARKETING ANTILLES GUYANE,,,Martinique,Martinique,FRANCE,46.71Z - Commerce de gros (commerce interentreprises) de combustibles et de produits annexes,35,,,35.0,15,5,90,totalenergies,TOTALENERGIES|TotalEnergies,203215.25,name preference 205.0; indicator completeness 4; reporting year 2025; size upper bound 250; overall score 90,False
2025,Entreprise,50 à 250,832282610,TOTALENERGIES DIGITAL FACTORY,,,Île-de-France,Paris,FRANCE,62.02A - Conseil en systèmes et logiciels informatiques,39,,,35.0,15,5,94,totalenergies,TOTALENERGIES|TotalEnergies,203252.25,name preference 230.0; indicator completeness 4; reporting year 2025; size upper bound 250; overall score 94,False
2025,Unité Economique et Sociale (UES),1000 et plus,542034921,TOTALENERGIES MARKETING SERVICES,UES Marketing Services,"TOTALENERGIES MARKETING FRANCE (531680445),TOTALENERGIES LUBRIFIANTS (552006454),TOTALENERGIES ADDITIVES AND FUELS SOLUTIONS (956501100)",Île-de-France,Hauts-de-Seine,FRANCE,70.10Z - Activités des sièges sociaux,38,20,15,,15,5,93,totalenergies,TOTALENERGIES|TotalEnergies,203260.0,name preference 180.0; indicator completeness 5; reporting year 2025; size upper bound 1000; overall score 93,False
2025,Unité Economique et Sociale (UES),1000 et plus,692004807,TOTALENERGIES RAFFINAGE CHIMIE,Raffinage Pétrochimie,"TOTALENERGIES PETROCHEMICALS FRANCE (428891113),TOTALENERGIES RAFFINAGE FRANCE (529221749),TOTALENERGIES FLUIDS (342241908)",Île-de-France,Hauts-de-Seine,FRANCE,70.10Z - Activités des sièges sociaux,40,10,15,,15,10,90,totalenergies,TOTALENERGIES|TotalEnergies,203276.0,name preference 205.0; indicator completeness 5; reporting year 2025; size upper bound 1000; overall score 90,False
2025,Entreprise,50 à 250,318881307,TOTALENERGIES LUBRIFIANTS SERVICES AUTOMOBILE,,,Île-de-France,Hauts-de-Seine,FRANCE,46.71Z - Commerce de gros (commerce interentreprises) de combustibles et de produits annexes,36,,,35.0,NC,0,84,totalenergies,TOTALENERGIES|TotalEnergies,203137.25,name preference 205.0; indicator completeness 3; reporting year 2025; size upper bound 250; overall score 84,False
2025,Entreprise,251 à 999,856802400,TOTALENERGIES PROXI NORD OUEST,,,Pays de la Loire,Loire-Atlantique,FRANCE,46.71Z - Commerce de gros (commerce interentreprises) de combustibles et de produits annexes,36,20,15,,15,5,91,totalenergies,TOTALENERGIES|TotalEnergies,203303.999,name preference 230.0; indicator completeness 5; reporting year 2025; size upper bound 999; overall score 91,False
2025,Entreprise,251 à 999,434836276,TOTALENERGIES RENOUVELABLES FRANCE,,,Occitanie,Hérault,FRANCE,"71.12B - Ingénierie, études techniques",38,20,15,,15,0,88,totalenergies,TOTALENERGIES|TotalEnergies,203294.999,name preference 230.0; indicator completeness 5; reporting year 2025; size upper bound 999; overall score 88,False
2025,Unité Economique et Sociale (UES),1000 et plus,542051180,TOTALENERGIES SE,UES Amont-Global Services-Holding,"ELF EXPLORATION PRODUCTION (409160017),TOTALENERGIES GLOBAL INFORMATION TECHNOLOGY SERVICES (531680437),TOTALENERGIES GLOBAL PROCUREMENT (539072819),TOTALENERGIES GLOBAL FINANCIAL SERVICES (539082735),TOTALENERGIES LEARNING SOLUTIONS (538613860),TOTALENERGIES GLOBAL HUMAN RESOURCES SERVICES (539082784),TOTALENERGIES FACILITIES MANAGEMENT SERVICES (539082388),TOTALENERGIES CONSULTING (538612482),TOTALENERGIES ONETECH (844435883)",Île-de-France,Hauts-de-Seine,FRANCE,70.10Z - Activités des sièges sociaux,37,20,15,,15,5,92,totalenergies,TOTALENERGIES|TotalEnergies,203707.0,name preference 630.0; indicator completeness 5; reporting year 2025; size upper bound 1000; overall score 92,True
2025,Entreprise,50 à 250,844192443,TOTALENERGIES CHARGING SERVICES,,,Île-de-France,Hauts-de-Seine,FRANCE,"33.20D - Installation d'équipements électriques, de matériels électroniques et optiques ou d'autres matériels",37,,,35.0,15,5,92,totalenergies,TOTALENERGIES|TotalEnergies,203221.25,name preference 205.0; indicator completeness 4; reporting year 2025; size upper bound 250; overall score 92,False
2025,Unité Economique et Sociale (UES),251 à 999,457503837,TOTALENERGIES PROXI NORD EST,TPNE et CPE BARDOUT,CPE- BARDOUT (422596239),Grand-Est,Meurthe-et-Moselle,FRANCE,46.71Z - Commerce de gros (commerce interentreprises) de combustibles et de produits annexes,37,20,15,,15,5,92,totalenergies,TOTALENERGIES|TotalEnergies,203306.999,name preference 230.0; indicator completeness 5; reporting year 2025; size upper bound 999; overall score 92,False
2025,Entreprise,251 à 999,554500199,TOTALENERGIES PROXI SUD EST,,,Auvergne-Rhône-Alpes,Rhône,FRANCE,46.71Z - Commerce de gros (commerce interentreprises) de combustibles et de produits annexes,37,NC,15,,NC,0,NC,totalenergies,TOTALENERGIES|TotalEnergies,202910.999,name preference 230.0; indicator completeness 3; reporting year 2025; size upper bound 999,False
2025,Entreprise,251 à 999,442395448,TOTALENERGIES ELECTRICITE ET GAZ FRANCE,,,Île-de-France,Paris,FRANCE,35.14Z - Commerce d'électricité,36,20,15,,15,5,91,totalenergies,TOTALENERGIES|TotalEnergies,203303.999,name preference 230.0; indicator completeness 5; reporting year 2025; size upper bound 999; overall score 91,False
2025,Entreprise,251 à 999,324958198,TOTALENERGIES PROXI SUD OUEST,,,Nouvelle-Aquitaine,Lot-et-Garonne,FRANCE,46.71Z - Commerce de gros (commerce interentreprises) de combustibles et de produits annexes,36,20,15,,15,5,91,totalenergies,TOTALENERGIES|TotalEnergies,203303.999,name preference 230.0; indicator completeness 5; reporting year 2025; size upper bound 999; overall score 91,False
2018,Entreprise,251 à 999,513281972,EDF ENR PWT,,,Île-de-France,Hauts-de-Seine,FRANCE,26.11Z - Fabrication de composants électroniques,38,20,15,,15,5,93,edf,EDF|ELECTRICITE DE FRANCE|Electricite de France,202599.999,name preference 220.0; indicator completeness 5; reporting year 2018; size upper bound 999; overall score 93,False
2018,Entreprise,251 à 999,433160900,EDF ENR,,,Auvergne-Rhône-Alpes,Rhône,FRANCE,43.21A - Travaux d'installation électrique dans tous locaux,35,20,10,,0,0,65,edf,EDF|ELECTRICITE DE FRANCE|Electricite de France,202515.999,name preference 220.0; indicator completeness 5; reporting year 2018; size upper bound 999; overall score 65,False
2018,Entreprise,251 à 999,489967687,EDF PRODUCTION ELECTRIQUE INSULAIRE,,,Île-de-France,Hauts-de-Seine,FRANCE,35.11Z - Production d'électricité,19,20,10,,15,10,74,edf,EDF|ELECTRICITE DE FRANCE|Electricite de France,202542.999,name preference 220.0; indicator completeness 5; reporting year 2018; size upper bound 999; overall score 74,False
2018,Unité Economique et Sociale (UES),251 à 999,379677636,EDF Renouvelables SA,UES EDF Renouvelables,"EDF Renouvelables France (434689915),EDF Renouvelables Services (387498926)",Île-de-France,Hauts-de-Seine,FRANCE,64.20Z - Activités des sociétés holding,36,10,15,,15,5,81,edf,EDF|ELECTRICITE DE FRANCE|Electricite de France,202538.999,name preference 195.0; indicator completeness 5; reporting year 2018; size upper bound 999; overall score 81,False
2018,Entreprise,1000 et plus,552081317,ELECTRICITE DE FRANCE SA,,,Île-de-France,Paris,FRANCE,35.11Z - Production d'électricité,40,20,15,,0,5,80,edf,EDF|ELECTRICITE DE FRANCE|Electricite de France,202961.0,name preference 620.0; indicator completeness 5; reporting year 2018; size upper bound 1000; overall score 80,False
2019,Unité Economique et Sociale (UES),251 à 999,379677636,EDF Renouvelables,EDF Renouvelables,"EDF Renouvelables France (434689915),EDF Renouvelables Service (387498926)",Île-de-France,Hauts-de-Seine,FRANCE,64.20Z - Activités des sociétés holding,38,20,15,,15,5,93,edf,EDF|ELECTRICITE DE FRANCE|Electricite de France,202674.999,name preference 195.0; indicator completeness 5; reporting year 2019; size upper bound 999; overall score 93,False
2019,Entreprise,251 à 999,513281972,EDF ENR PWT,,,Auvergne-Rhône-Alpes,Isère,FRANCE,24.45Z - Métallurgie des autres métaux non ferreux,38,20,15,,15,5,93,edf,EDF|ELECTRICITE DE FRANCE|Electricite de France,202699.999,name preference 220.0; indicator completeness 5; reporting year 2019; size upper bound 999; overall score 93,False
2019,Entreprise,1000 et plus,552081317,EDF SA,,,Île-de-France,Paris,FRANCE,35.11Z - Production d'électricité,40,20,15,,15,5,95,edf,EDF|ELECTRICITE DE FRANCE|Electricite de France,203106.0,name preference 620.0; indicator completeness 5; reporting year 2019; size upper bound 1000; overall score 95,False
2019,Entreprise,251 à 999,433160900,EDF ENR,,,Auvergne-Rhône-Alpes,Rhône,FRANCE,43.21A - Travaux d'installation électrique dans tous locaux,37,20,15,,NC,0,85,edf,EDF|ELECTRICITE DE FRANCE|Electricite de France,202615.999,name preference 220.0; indicator completeness 4; reporting year 2019; size upper bound 999; overall score 85,False
2020,Entreprise,251 à 999,433160900,EDF ENR,,,Auvergne-Rhône-Alpes,Rhône,FRANCE,43.21A - Travaux d'installation électrique dans tous locaux,37,20,10,,NC,5,85,edf,EDF|ELECTRICITE DE FRANCE|Electricite de France,202715.999,name preference 220.0; indicator completeness 4; reporting year 2020; size upper bound 999; overall score 85,False
2020,Unité Economique et Sociale (UES),1000 et plus,379677636,EDF RENOUVELABLES,UES EDF RENOUVELABLES,"EDF RENOUVELABLES SERVICES (387498926),EDF RENOUVELABLES FRANCE (434689915)",Île-de-France,Hauts-de-Seine,FRANCE,64.20Z - Activités des sociétés holding,38,20,15,,15,0,88,edf,EDF|ELECTRICITE DE FRANCE|Electricite de France,202760.0,name preference 195.0; indicator completeness 5; reporting year 2020; size upper bound 1000; overall score 88,False
2020,Entreprise,251 à 999,489967687,EDF PEI,,,Île-de-France,Hauts-de-Seine,FRANCE,35.11Z - Production d'électricité,34,10,15,,15,10,84,edf,EDF|ELECTRICITE DE FRANCE|Electricite de France,202772.999,name preference 220.0; indicator completeness 5; reporting year 2020; size upper bound 999; overall score 84,False
2020,Entreprise,1000 et plus,552081317,EDF SA,,,Île-de-France,Paris,FRANCE,35.11Z - Production d'électricité,40,20,15,,15,5,95,edf,EDF|ELECTRICITE DE FRANCE|Electricite de France,203206.0,name preference 620.0; indicator completeness 5; reporting year 2020; size upper bound 1000; overall score 95,False
2021,Entreprise,251 à 999,433160900,EDF ENR,,,Auvergne-Rhône-Alpes,Rhône,FRANCE,43.21A - Travaux d'installation électrique dans tous locaux,33,20,15,,15,5,88,edf,EDF|ELECTRICITE DE FRANCE|Electricite de France,202884.999,name preference 220.0; indicator completeness 5; reporting year 2021; size upper bound 999; overall score 88,False
2021,Entreprise,1000 et plus,552081317,EDF ELECTRICITE DE FRANCE,,,Île-de-France,Paris,FRANCE,35.11Z - Production d'électricité,40,20,15,,15,0,90,edf,EDF|ELECTRICITE DE FRANCE|Electricite de France,202991.0,name preference 320.0; indicator completeness 5; reporting year 2021; size upper bound 1000; overall score 90,False
2021,Entreprise,251 à 999,489967687,EDF PEI PRODUCTION ELECTRIQUE INSULAIRE SAS SIEGE,,,Île-de-France,Hauts-de-Seine,FRANCE,35.11Z - Production d'électricité,33,10,15,,15,10,83,edf,EDF|ELECTRICITE DE FRANCE|Electricite de France,202869.999,name preference 220.0; indicator completeness 5; reporting year 2021; size upper bound 999; overall score 83,False
2021,Unité Economique et Sociale (UES),1000 et plus,379677636,SIIF EDF RENOUVELABLES,UES EDF Renouvelables,"EDF RENOUVELABLES FRANCE (434689915),EDF RENOUVELABLES SERVICES (387498926)",Île-de-France,Hauts-de-Seine,FRANCE,70.10Z - Activités des sièges sociaux,38,20,15,,15,0,88,edf,EDF|ELECTRICITE DE FRANCE|Electricite de France,202730.0,name preference 65.0; indicator completeness 5; reporting year 2021; size upper bound 1000; overall score 88,False
2022,Entreprise,50 à 250,513281972,EDF ENR PWT,,,Île-de-France,Hauts-de-Seine,FRANCE,26.11Z - Fabrication de composants électroniques,36,,,35.0,15,0,86,edf,EDF|ELECTRICITE DE FRANCE|Electricite de France,202918.25,name preference 220.0; indicator completeness 4; reporting year 2022; size upper bound 250; overall score 86,False
2022,Unité Economique et Sociale (UES),1000 et plus,379677636,EDF RENOUVELABLES,UES EDF Renouvelables,"EDF RENOUVELABLES FRANCE (434689915),EDF RENOUVELABLES SERVICES (387498926)",Île-de-France,Hauts-de-Seine,FRANCE,70.10Z - Activités des sièges sociaux,38,20,15,,15,0,88,edf,EDF|ELECTRICITE DE FRANCE|Electricite de France,202960.0,name preference 195.0; indicator completeness 5; reporting year 2022; size upper bound 1000; overall score 88,False
2022,Entreprise,50 à 250,520145624,STUDIO REDFROG,,,Hauts-de-France,Nord,FRANCE,59.11A - Production de films et de programmes pour la télévision,NC,,,35.0,NC,5,NC,edf,EDF|ELECTRICITE DE FRANCE|Electricite de France,202350.25,name preference 90.0; indicator completeness 1; reporting year 2022; size upper bound 250,False
2022,Entreprise,251 à 999,433160900,EDF ENR,,,Auvergne-Rhône-Alpes,Rhône,FRANCE,43.21A - Travaux d'installation électrique dans tous locaux,31,20,15,,15,0,81,edf,EDF|ELECTRICITE DE FRANCE|Electricite de France,202963.999,name preference 220.0; indicator completeness 5; reporting year 2022; size upper bound 999; overall score 81,False
2022,Entreprise,50 à 250,801185679,EDF STORE AND FORECAST,,,Île-de-France,Hauts-de-Seine,FRANCE,62.01Z - Programmation informatique,39,,,25.0,NC,5,81,edf,EDF|ELECTRICITE DE FRANCE|Electricite de France,202843.25,name preference 220.0; indicator completeness 3; reporting year 2022; size upper bound 250; overall score 81,False
2022,Entreprise,1000 et plus,552081317,ELECTRICITE DE FRANCE,,,Île-de-France,Paris,FRANCE,35.11Z - Production d'électricité,40,20,15,,15,0,90,edf,EDF|ELECTRICITE DE FRANCE|Electricite de France,203151.0,name preference 380.0; indicator completeness 5; reporting year 2022; size upper bound 1000; overall score 90,False
2022,Entreprise,251 à 999,489967687,EDF PRODUCTION ELECTRIQUE INSULAIRE SAS,,,Île-de-France,Hauts-de-Seine,FRANCE,35.11Z - Production d'électricité,36,20,10,,15,10,91,edf,EDF|ELECTRICITE DE FRANCE|Electricite de France,202993.999,name preference 220.0; indicator completeness 5; reporting year 2022; size upper bound 999; overall score 91,False
2023,Entreprise,50 à 250,513281972,EDF ENR PWT,,,Île-de-France,Hauts-de-Seine,FRANCE,26.11Z - Fabrication de composants électroniques,36,,,35.0,NC,0,84,edf,EDF|ELECTRICITE DE FRANCE|Electricite de France,202952.25,name preference 220.0; indicator completeness 3; reporting year 2023; size upper bound 250; overall score 84,False
2023,Entreprise,251 à 999,489967687,EDF PRODUCTION ELECTRIQUE INSULAIRE SAS,,,Île-de-France,Hauts-de-Seine,FRANCE,35.11Z - Production d'électricité,37,20,15,,15,5,92,edf,EDF|ELECTRICITE DE FRANCE|Electricite de France,203096.999,name preference 220.0; indicator completeness 5; reporting year 2023; size upper bound 999; overall score 92,False
2023,Entreprise,251 à 999,433160900,EDF ENR,,,Auvergne-Rhône-Alpes,Rhône,FRANCE,43.21A - Travaux d'installation électrique dans tous locaux,29,20,15,,15,0,79,edf,EDF|ELECTRICITE DE FRANCE|Electricite de France,203057.999,name preference 220.0; indicator completeness 5; reporting year 2023; size upper bound 999; overall score 79,False
2023,Entreprise,1000 et plus,552081317,ELECTRICITE DE FRANCE,,,Île-de-France,Paris,FRANCE,35.11Z - Production d'électricité,40,20,15,,15,5,95,edf,EDF|ELECTRICITE DE FRANCE|Electricite de France,203266.0,name preference 380.0; indicator completeness 5; reporting year 2023; size upper bound 1000; overall score 95,False
2023,Unité Economique et Sociale (UES),1000 et plus,379677636,EDF RENOUVELABLES,UES EDF Renouvelables,"EDF RENOUVELABLES SERVICES (387498926),EDF RENOUVELABLES FRANCE (434689915)",Île-de-France,Hauts-de-Seine,FRANCE,70.10Z - Activités des sièges sociaux,37,20,15,,15,0,87,edf,EDF|ELECTRICITE DE FRANCE|Electricite de France,203057.0,name preference 195.0; indicator completeness 5; reporting year 2023; size upper bound 1000; overall score 87,False
2024,Entreprise,50 à 250,818642134,EDFLEX,,,Île-de-France,Paris,FRANCE,62.01Z - Programmation informatique,27,,,25.0,15,10,77,edf,EDF|ELECTRICITE DE FRANCE|Electricite de France,203091.25,name preference 220.0; indicator completeness 4; reporting year 2024; size upper bound 250; overall score 77,False
2024,Entreprise,251 à 999,433160900,EDF SOLUTIONS SOLAIRES,,,Auvergne-Rhône-Alpes,Rhône,FRANCE,43.21A - Travaux d'installation électrique dans tous locaux,27,20,15,,15,5,82,edf,EDF|ELECTRICITE DE FRANCE|Electricite de France,203141.999,name preference 195.0; indicator completeness 5; reporting year 2024; size upper bound 999; overall score 82,False
2024,Entreprise,251 à 999,489967687,EDF PRODUCTION ELECTRIQUE INSULAIRE SAS,,,Île-de-France,Hauts-de-Seine,FRANCE,35.11Z - Production d'électricité,37,20,5,,15,10,87,edf,EDF|ELECTRICITE DE FRANCE|Electricite de France,203181.999,name preference 220.0; indicator completeness 5; reporting year 2024; size upper bound 999; overall score 87,False
2024,Entreprise,1000 et plus,552081317,ELECTRICITE DE FRANCE,,,Île-de-France,Paris,FRANCE,35.11Z - Production d'électricité,40,20,15,,15,5,95,edf,EDF|ELECTRICITE DE FRANCE|Electricite de France,203366.0,name preference 380.0; indicator completeness 5; reporting year 2024; size upper bound 1000; overall score 95,False
2024,Unité Economique et Sociale (UES),1000 et plus,379677636,EDF RENOUVELABLES,UES EDF Renouvelables,"EDF RENOUVELABLES SERVICES (387498926),EDF RENOUVELABLES FRANCE (434689915)",Île-de-France,Hauts-de-Seine,FRANCE,70.10Z - Activités des sièges sociaux,37,20,15,,15,5,92,edf,EDF|ELECTRICITE DE FRANCE|Electricite de France,203172.0,name preference 195.0; indicator completeness 5; reporting year 2024; size upper bound 1000; overall score 92,False
2025,Entreprise,251 à 999,433160900,EDF SOLUTIONS SOLAIRES,,,Auvergne-Rhône-Alpes,Rhône,FRANCE,43.21A - Travaux d'installation électrique dans tous locaux,36,20,15,,15,10,96,edf,EDF|ELECTRICITE DE FRANCE|Electricite de France,203283.999,name preference 195.0; indicator completeness 5; reporting year 2025; size upper bound 999; overall score 96,False
2025,Entreprise,50 à 250,493404305,EDF INTERNATIONAL NETWORKS,,,Île-de-France,Hauts-de-Seine,FRANCE,"71.12B - Ingénierie, études techniques",23,,,35.0,NC,0,68,edf,EDF|ELECTRICITE DE FRANCE|Electricite de France,203104.25,name preference 220.0; indicator completeness 3; reporting year 2025; size upper bound 250; overall score 68,False
2025,Entreprise,1000 et plus,552081317,ELECTRICITE DE FRANCE,,,Île-de-France,Paris,FRANCE,35.11Z - Production d'électricité,40,20,15,,15,10,100,edf,EDF|ELECTRICITE DE FRANCE|Electricite de France,203481.0,name preference 380.0; indicator completeness 5; reporting year 2025; size upper bound 1000; overall score 100,True
2025,Entreprise,251 à 999,489967687,EDF PRODUCTION ELECTRIQUE INSULAIRE SAS,,,Île-de-France,Hauts-de-Seine,FRANCE,35.11Z - Production d'électricité,38,20,15,,15,5,93,edf,EDF|ELECTRICITE DE FRANCE|Electricite de France,203299.999,name preference 220.0; indicator completeness 5; reporting year 2025; size upper bound 999; overall score 93,False
2025,Unité Economique et Sociale (UES),1000 et plus,379677636,EDF POWER SOLUTIONS,UES EDF power solutions,"EDF POWER SOLUTIONS FRANCE (434689915),EDF POWER SOLUTIONS SERVICES (387498926)",Île-de-France,Hauts-de-Seine,FRANCE,70.10Z - Activités des sièges sociaux,37,20,15,,15,0,87,edf,EDF|ELECTRICITE DE FRANCE|Electricite de France,203257.0,name preference 195.0; indicator completeness 5; reporting year 2025; size upper bound 1000; overall score 87,False
2025,Unité Economique et Sociale (UES),50 à 250,419070180,EDF BUSINESS SERVICES,IZIVIA IZIVIA IG,IZIVIA IG (420291387),Île-de-France,Hauts-de-Seine,FRANCE,"71.12B - Ingénierie, études techniques",37,,,35.0,15,0,87,edf,EDF|ELECTRICITE DE FRANCE|Electricite de France,203221.25,name preference 220.0; indicator completeness 4; reporting year 2025; size upper bound 250; overall score 87,False
2025,Entreprise,50 à 250,818642134,EDFLEX,,,Île-de-France,Paris,FRANCE,62.01Z - Programmation informatique,29,,,35.0,NC,5,81,edf,EDF|ELECTRICITE DE FRANCE|Electricite de France,203143.25,name preference 220.0; indicator completeness 3; reporting year 2025; size upper bound 250; overall score 81,False
