country_code,country_name,year,employment_rate,unemployment_rate,job_vacancy_rate,labour_slack_rate,flow_to_employment,flow_to_inactivity,gender_pay_gap
AT,Austria,2019,76.8,4.8,,10.75,30.174999999999997,24.400000000000002,
AT,Austria,2020,74.8,6.0,,13.125,27.174999999999997,22.65,
AT,Austria,2021,75.6,6.2,,12.249999999999998,35.73333333333333,18.633333333333333,
AT,Austria,2022,77.3,4.8,,10.075,36.05,21.075,
AT,Austria,2023,77.2,5.1,,10.625,37.075,20.275000000000002,
AT,Austria,2024,77.4,5.2,,10.774999999999999,35.8,21.075,
AT,Austria,2025,77.6,5.7,,11.075000000000001,33.425,20.25,
BE,Belgium,2019,70.5,5.5,,12.325000000000001,21.475,28.475,
BE,Belgium,2020,69.7,5.8,,13.075,20.275,30.25,
BE,Belgium,2021,70.6,6.3,,12.9,24.750000000000004,22.450000000000003,
BE,Belgium,2022,71.9,5.6,,11.125000000000002,22.400000000000002,26.55,
BE,Belgium,2023,72.1,5.5,,10.774999999999999,23.025000000000002,26.224999999999998,
BE,Belgium,2024,72.3,5.7,,11.225000000000001,21.575000000000003,26.700000000000003,
BE,Belgium,2025,72.8,6.2,,12.625,24.3,23.375,
BG,Bulgaria,2019,74.3,5.2,0.875,8.75,11.125,12.149999999999999,13.6
BG,Bulgaria,2020,72.7,6.1,0.75,9.9,13.100000000000001,10.875,12.0
BG,Bulgaria,2021,73.3,5.2,0.825,8.975000000000001,12.266666666666666,12.733333333333334,11.4
BG,Bulgaria,2022,75.9,4.2,0.8500000000000001,7.5,12.175,7.675000000000001,12.1
BG,Bulgaria,2023,76.2,4.3,0.8,7.1,9.275,10.35,13.1
BG,Bulgaria,2024,76.8,4.2,0.7749999999999999,6.4,11.575000000000001,12.0,11.5
BG,Bulgaria,2025,77.0,3.5,0.875,5.65,13.025,29.05,
CY,Cyprus,2019,75.8,7.2,,13.7,29.25,4.675,11.2
CY,Cyprus,2020,75.2,7.6,,14.600000000000001,21.975,5.125,10.3
CY,Cyprus,2021,76.3,7.2,,14.7,27.2,10.4,11.4
CY,Cyprus,2022,78.6,6.3,,12.049999999999999,22.8,5.800000000000001,12.2
CY,Cyprus,2023,79.8,5.8,,10.375,23.049999999999997,5.549999999999999,12.4
CY,Cyprus,2024,80.1,4.8,,8.7,23.3,8.35,12.3
CY,Cyprus,2025,81.3,4.4,,7.8999999999999995,24.725,12.024999999999999,
CZ,Czechia,2019,80.3,2.0,6.324999999999999,3.125,23.35,20.125,18.9
CZ,Czechia,2020,79.7,2.6,5.525,3.675,21.0,18.45,16.5
CZ,Czechia,2021,80.0,2.8,5.1,3.85,25.266666666666666,14.533333333333333,15.5
CZ,Czechia,2022,81.3,2.2,4.775,5.05,21.65,16.775,18.3
CZ,Czechia,2023,81.7,2.6,3.7249999999999996,6.4,24.325000000000003,17.55,17.5
CZ,Czechia,2024,82.3,2.6,3.3,6.375,26.6,18.200000000000003,18.0
CZ,Czechia,2025,82.9,2.8,1.9500000000000002,6.225,24.375,15.700000000000001,
DE,Germany,2019,79.7,2.9,3.275,6.575,,,18.3
DE,Germany,2020,78.3,3.6,2.525,8.725000000000001,,,17.3
DE,Germany,2021,79.6,3.6,3.225,7.9,33.53333333333333,21.733333333333334,16.8
DE,Germany,2022,80.8,3.1,4.3,6.975,31.824999999999996,24.924999999999997,16.7
DE,Germany,2023,81.1,3.1,4.025,6.9,29.85,22.875,16.8
DE,Germany,2024,81.1,3.5,3.2,7.300000000000001,28.65,24.65,14.8
DE,Germany,2025,81.1,3.8,2.6,7.925000000000001,28.175,22.65,
DK,Denmark,2019,78.3,5.0,,10.7,36.275,23.200000000000003,13.6
DK,Denmark,2020,77.8,5.6,,12.075000000000001,32.925,25.525,13.4
DK,Denmark,2021,79.0,5.1,,10.275,45.699999999999996,18.266666666666666,13.7
DK,Denmark,2022,80.1,4.5,,9.075,47.125,21.625,13.6
DK,Denmark,2023,79.8,5.1,,10.05,41.925,21.5,13.5
DK,Denmark,2024,80.2,6.2,,12.675,40.849999999999994,17.125,13.4
DK,Denmark,2025,79.8,6.4,,13.075,40.675,18.0,
EE,Estonia,2019,80.5,4.5,1.85,9.7,29.300000000000004,29.875,20.5
EE,Estonia,2020,79.1,6.9,1.4,12.350000000000001,25.55,25.525,19.3
EE,Estonia,2021,79.3,6.2,1.7249999999999999,11.225000000000001,27.399999999999995,29.766666666666666,19.1
EE,Estonia,2022,81.9,5.6,2.0,10.350000000000001,30.75,26.924999999999997,19.8
EE,Estonia,2023,82.1,6.4,1.775,11.524999999999999,30.375000000000004,25.450000000000003,16.3
EE,Estonia,2024,81.8,7.6,1.5750000000000002,12.85,28.674999999999997,21.5,
EE,Estonia,2025,81.7,7.5,1.6,12.899999999999999,28.224999999999998,26.7,
EL,Greece,2019,60.8,17.9,,25.200000000000003,7.575000000000001,1.275,
EL,Greece,2020,58.3,17.6,,25.75,7.699999999999999,5.575,
EL,Greece,2021,62.6,14.7,,22.25,14.566666666666668,13.0,
EL,Greece,2022,66.3,12.5,,18.475,10.874999999999998,15.2,
EL,Greece,2023,67.4,11.1,,16.35,11.55,26.6,
EL,Greece,2024,69.3,10.1,,14.45,11.8,23.025,
EL,Greece,2025,71.0,8.9,,12.975,11.475,21.425,
ES,Spain,2019,68.0,14.1,,22.650000000000002,24.25,18.725,8.8
ES,Spain,2020,65.7,15.5,,25.200000000000003,21.225,23.975,8.6
ES,Spain,2021,67.5,14.9,,24.2,24.375,18.425,8.9
ES,Spain,2022,69.3,13.0,,21.474999999999998,25.0,20.125,8.9
ES,Spain,2023,70.5,12.2,,20.25,25.45,20.525,7.0
ES,Spain,2024,71.4,11.4,,19.299999999999997,26.85,21.674999999999997,7.0
ES,Spain,2025,72.4,10.5,,18.2,26.825000000000003,21.775,
FI,Finland,2019,76.2,6.8,2.2,19.5,31.7,26.800000000000004,16.4
FI,Finland,2020,75.5,7.7,1.875,20.35,28.0,28.325000000000003,16.6
FI,Finland,2021,76.8,7.7,2.5749999999999997,16.549999999999997,31.099999999999998,23.599999999999998,16.5
FI,Finland,2022,78.4,6.8,2.85,15.049999999999999,32.4,20.625,15.6
FI,Finland,2023,78.2,7.2,2.25,15.850000000000001,29.65,22.85,16.4
FI,Finland,2024,77.0,8.4,1.825,17.975,28.325000000000003,22.55,15.9
FI,Finland,2025,76.3,9.7,1.325,19.575,22.875,21.725,
FR,France,2019,72.3,8.4,,17.075,23.674999999999997,21.700000000000003,15.6
FR,France,2020,72.1,8.0,,17.174999999999997,21.65,27.599999999999998,14.8
FR,France,2021,73.2,7.9,,16.0,26.96666666666667,23.366666666666664,13.8
FR,France,2022,74.0,7.3,,14.775,27.799999999999997,23.275,13.2
FR,France,2023,74.4,7.3,,14.7,26.900000000000002,24.049999999999997,12.6
FR,France,2024,75.0,7.4,,14.649999999999999,27.7,21.9,12.2
FR,France,2025,75.4,7.7,,14.975000000000001,27.45,21.075,
HR,Croatia,2019,66.4,6.6,1.5000000000000002,13.85,20.125,25.15,10.1
HR,Croatia,2020,66.9,7.4,1.125,14.424999999999999,16.075000000000003,23.1,9.1
HR,Croatia,2021,68.6,7.5,1.5499999999999998,12.6,21.066666666666666,24.433333333333334,8.2
HR,Croatia,2022,70.2,6.8,1.5750000000000002,11.124999999999998,22.299999999999997,17.974999999999998,7.3
HR,Croatia,2023,70.8,6.1,1.625,9.775,19.75,21.7,7.0
HR,Croatia,2024,73.6,5.0,1.625,8.05,20.450000000000003,20.625,5.9
HR,Croatia,2025,74.4,4.9,1.475,7.675,19.675,16.25,
HU,Hungary,2019,77.7,3.3,2.45,5.9750000000000005,24.75,13.624999999999998,16.7
HU,Hungary,2020,77.6,4.1,1.95,7.6,27.4,15.5,15.6
HU,Hungary,2021,78.9,4.0,2.3,7.125,28.133333333333336,19.3,15.6
HU,Hungary,2022,80.3,3.6,2.75,5.725,22.6,20.075,16.5
HU,Hungary,2023,80.7,4.1,2.4,6.0,19.8,17.075000000000003,16.9
HU,Hungary,2024,81.1,4.5,2.125,6.324999999999999,19.299999999999997,18.95,16.4
HU,Hungary,2025,81.1,4.4,2.05,6.3,20.55,19.825,
IE,Ireland,2019,75.0,5.0,,14.450000000000001,25.275,29.65,10.4
IE,Ireland,2020,72.1,5.9,,17.375,23.95,33.449999999999996,8.9
IE,Ireland,2021,74.9,6.2,,15.925,41.13333333333333,21.400000000000002,9.8
IE,Ireland,2022,78.2,4.5,,10.975000000000001,34.175000000000004,26.775,9.0
IE,Ireland,2023,79.1,4.3,,12.024999999999999,31.2,27.799999999999997,8.4
IE,Ireland,2024,79.8,4.3,,12.475,32.1,27.375,8.0
IE,Ireland,2025,80.2,4.7,,12.924999999999999,31.425,26.8,
IT,Italy,2019,63.5,9.9,,22.175,14.575,38.85,5.8
IT,Italy,2020,61.9,9.3,,23.575,13.0,46.55,5.2
IT,Italy,2021,62.7,9.5,,22.799999999999997,17.633333333333336,38.96666666666667,5.7
IT,Italy,2022,64.8,8.1,,19.525,18.2,38.349999999999994,5.6
IT,Italy,2023,66.3,7.7,,17.65,17.775,37.425,3.3
IT,Italy,2024,67.1,6.5,,15.775,13.7,44.55,6.1
IT,Italy,2025,67.6,6.1,,14.8,8.25,50.875,
LT,Lithuania,2019,78.2,6.3,1.4,8.45,20.575000000000003,6.05,12.1
LT,Lithuania,2020,76.7,8.5,1.3,10.95,16.525,5.199999999999999,11.5
LT,Lithuania,2021,77.4,7.1,1.85,10.325,21.066666666666666,22.666666666666668,10.2
LT,Lithuania,2022,79.0,6.0,1.875,9.15,25.625,18.025,10.0
LT,Lithuania,2023,78.5,6.9,1.95,10.2,26.924999999999997,20.425,10.7
LT,Lithuania,2024,79.2,7.1,2.0,10.274999999999999,25.85,22.400000000000002,9.4
LT,Lithuania,2025,80.0,6.9,2.225,9.675,30.725,20.75,
LU,Luxembourg,2019,72.8,5.6,1.65,11.725000000000001,23.85,20.875,1.0
LU,Luxembourg,2020,72.1,6.8,1.525,13.2,25.85,16.85,0.4
LU,Luxembourg,2021,74.1,5.3,1.925,12.8,30.5,24.900000000000002,-0.2
LU,Luxembourg,2022,74.8,4.6,2.525,11.625,31.124999999999996,22.4,-0.8
LU,Luxembourg,2023,74.8,5.2,1.875,12.925,30.025,23.599999999999998,-1.2
LU,Luxembourg,2024,74.2,6.4,1.4,13.875,27.624999999999996,23.725,-1.5
LU,Luxembourg,2025,73.9,6.5,1.3499999999999999,14.0,24.525,22.0,
LV,Latvia,2019,77.3,6.3,3.0999999999999996,11.75,25.325000000000003,22.35,19.8
LV,Latvia,2020,76.9,8.1,2.175,13.65,24.166666666666668,19.25,21.3
LV,Latvia,2021,75.3,7.6,2.6750000000000003,14.1,20.0,32.6,14.6
LV,Latvia,2022,77.0,6.9,2.8499999999999996,10.899999999999999,32.025,27.325000000000003,17.8
LV,Latvia,2023,77.5,6.5,2.675,10.225,26.675,24.2,15.2
LV,Latvia,2024,77.4,6.9,2.55,10.7,27.7,25.299999999999997,12.9
LV,Latvia,2025,78.2,6.9,2.2,11.125,25.4,24.525,
MT,Malta,2019,75.6,4.1,,6.625,,,
MT,Malta,2020,76.0,4.9,,7.675,,,
MT,Malta,2021,77.8,3.8,,5.9750000000000005,,,
MT,Malta,2022,80.1,3.5,,5.175000000000001,,,
MT,Malta,2023,81.3,3.5,,5.175000000000001,,,
MT,Malta,2024,82.7,3.2,,5.300000000000001,,,
MT,Malta,2025,83.6,3.1,,4.975,,,
NL,Netherlands,2019,81.0,4.4,3.2,13.55,28.825000000000003,36.1,13.8
NL,Netherlands,2020,80.8,4.9,2.5,14.425,25.0,37.724999999999994,14.0
NL,Netherlands,2021,81.7,4.2,3.75,13.149999999999999,36.6,25.133333333333336,13.8
NL,Netherlands,2022,82.9,3.5,4.8500000000000005,11.375,41.225,24.174999999999997,13.6
NL,Netherlands,2023,83.5,3.6,4.475,11.399999999999999,40.525,24.85,11.4
NL,Netherlands,2024,83.5,3.7,4.3,11.149999999999999,38.6,24.65,10.1
NL,Netherlands,2025,83.4,3.9,4.1,11.599999999999998,37.15,23.825,
PL,Poland,2019,72.6,3.3,1.0750000000000002,6.550000000000001,22.525,25.099999999999998,6.8
PL,Poland,2020,72.8,3.2,0.675,6.300000000000001,22.5,25.9,4.8
PL,Poland,2021,75.5,3.4,1.125,5.7749999999999995,19.7,24.899999999999995,6.4
PL,Poland,2022,76.7,2.9,1.1,4.9,16.650000000000002,28.75,7.9
PL,Poland,2023,77.9,2.8,0.9,4.824999999999999,15.875,27.2,6.0
PL,Poland,2024,78.4,2.9,0.875,4.95,19.15,28.875,4.1
PL,Poland,2025,78.8,3.1,0.8,5.25,19.325,22.549999999999997,
PT,Portugal,2019,75.4,6.6,0.975,12.950000000000001,25.95,20.3,
PT,Portugal,2020,73.9,7.1,0.6749999999999999,14.3,24.549999999999997,25.875,
PT,Portugal,2021,75.5,6.7,1.0,12.799999999999999,27.075000000000003,20.375,
PT,Portugal,2022,77.1,6.2,1.4749999999999999,11.600000000000001,24.900000000000002,20.4,
PT,Portugal,2023,78.0,6.5,1.375,11.775,26.425,21.125,
PT,Portugal,2024,78.5,6.5,1.3250000000000002,11.025,26.125,19.575000000000003,
PT,Portugal,2025,79.6,6.0,1.4,10.3,27.775000000000002,17.424999999999997,
RO,Romania,2019,65.1,4.9,1.1,9.125,11.75,20.625,1.3
RO,Romania,2020,65.2,6.1,0.775,10.05,13.275,21.425000000000004,-0.3
RO,Romania,2021,67.1,5.6,0.8500000000000001,9.549999999999999,13.233333333333334,18.233333333333334,0.4
RO,Romania,2022,68.5,5.6,0.9,9.174999999999999,10.025,17.650000000000002,0.9
RO,Romania,2023,68.7,5.6,0.8,9.05,6.675,19.275,3.2
RO,Romania,2024,69.5,5.4,0.7,9.024999999999999,12.45,20.15,3.2
RO,Romania,2025,69.0,6.1,0.6,9.3,8.95,15.75,
SE,Sweden,2019,81.7,6.9,2.4,15.424999999999999,27.425,19.15,11.6
SE,Sweden,2020,80.2,8.5,1.8249999999999997,17.625,23.65,19.275,10.8
SE,Sweden,2021,80.4,8.9,2.4499999999999997,18.125,26.533333333333335,19.166666666666668,10.5
SE,Sweden,2022,82.0,7.5,3.125,16.150000000000002,29.05,20.5,10.2
SE,Sweden,2023,82.6,7.7,2.775,16.4,26.950000000000003,20.5,10.5
SE,Sweden,2024,81.9,8.4,2.3,17.775,24.474999999999998,20.325000000000003,10.5
SE,Sweden,2025,81.8,8.8,1.9500000000000002,18.55,24.8,17.575,
SI,Slovenia,2019,75.9,4.4,2.3,8.125,22.925,22.55,7.3
SI,Slovenia,2020,74.8,5.0,1.6999999999999997,9.45,22.45,20.075000000000003,3.1
SI,Slovenia,2021,76.1,4.8,2.575,9.525,25.100000000000005,27.766666666666666,3.4
SI,Slovenia,2022,77.9,4.0,3.0,6.800000000000001,28.25,28.625,6.5
SI,Slovenia,2023,77.5,3.7,2.725,6.5,26.474999999999998,30.45,5.9
SI,Slovenia,2024,78.3,3.7,2.375,6.325,27.125,31.025,7.7
SI,Slovenia,2025,78.3,3.9,2.2,6.15,23.375,35.475,
SK,Slovakia,2019,75.6,5.7,1.0750000000000002,7.800000000000001,11.025000000000002,5.0,18.0
SK,Slovakia,2020,74.6,6.7,0.8,8.799999999999999,11.875,5.15,15.3
SK,Slovakia,2021,74.6,6.8,0.875,8.95,12.133333333333333,2.9333333333333336,15.9
SK,Slovakia,2022,76.7,6.1,1.05,7.85,8.45,2.925,16.8
SK,Slovakia,2023,77.5,5.8,1.05,7.2250000000000005,7.050000000000001,3.4000000000000004,15.2
SK,Slovakia,2024,78.1,5.3,1.175,7.074999999999999,7.4,2.8000000000000003,15.1
SK,Slovakia,2025,78.1,5.4,1.0,6.699999999999999,5.225,,
